cohort,outcome,predictor_type,predictor,status,reason,outcome_col,n_total,n_used,pearson,spearman,beta_predictor,SE_beta_predictor,p_value_beta_predictor,r2,source_data
nlsy79,sat_math_2007,subtest,NO,not_feasible,missing_outcome_column,,9261,0,,,,,,,data/processed/nlsy79_cfa_resid.csv
nlsy79,sat_math_2007,subtest,CS,not_feasible,missing_outcome_column,,9261,0,,,,,,,data/processed/nlsy79_cfa_resid.csv
nlsy79,sat_math_2007,subtest,AR,not_feasible,missing_outcome_column,,9261,0,,,,,,,data/processed/nlsy79_cfa_resid.csv
nlsy79,sat_math_2007,subtest,MK,not_feasible,missing_outcome_column,,9261,0,,,,,,,data/processed/nlsy79_cfa_resid.csv
nlsy79,sat_math_2007,subtest,WK,not_feasible,missing_outcome_column,,9261,0,,,,,,,data/processed/nlsy79_cfa_resid.csv
nlsy79,sat_math_2007,subtest,PC,not_feasible,missing_outcome_column,,9261,0,,,,,,,data/processed/nlsy79_cfa_resid.csv
nlsy79,sat_math_2007,subtest,GS,not_feasible,missing_outcome_column,,9261,0,,,,,,,data/processed/nlsy79_cfa_resid.csv
nlsy79,sat_math_2007,subtest,AS,not_feasible,missing_outcome_column,,9261,0,,,,,,,data/processed/nlsy79_cfa_resid.csv
nlsy79,sat_math_2007,subtest,MC,not_feasible,missing_outcome_column,,9261,0,,,,,,,data/processed/nlsy79_cfa_resid.csv
nlsy79,sat_math_2007,subtest,EI,not_feasible,missing_outcome_column,,9261,0,,,,,,,data/processed/nlsy79_cfa_resid.csv
nlsy79,sat_math_2007,factor,speed,not_feasible,missing_outcome_column,,9261,0,,,,,,,data/processed/nlsy79_cfa_resid.csv
nlsy79,sat_math_2007,factor,math,not_feasible,missing_outcome_column,,9261,0,,,,,,,data/processed/nlsy79_cfa_resid.csv
nlsy79,sat_math_2007,factor,verbal,not_feasible,missing_outcome_column,,9261,0,,,,,,,data/processed/nlsy79_cfa_resid.csv
nlsy79,sat_math_2007,factor,technical,not_feasible,missing_outcome_column,,9261,0,,,,,,,data/processed/nlsy79_cfa_resid.csv
nlsy79,sat_verbal_2007,subtest,NO,not_feasible,missing_outcome_column,,9261,0,,,,,,,data/processed/nlsy79_cfa_resid.csv
nlsy79,sat_verbal_2007,subtest,CS,not_feasible,missing_outcome_column,,9261,0,,,,,,,data/processed/nlsy79_cfa_resid.csv
nlsy79,sat_verbal_2007,subtest,AR,not_feasible,missing_outcome_column,,9261,0,,,,,,,data/processed/nlsy79_cfa_resid.csv
nlsy79,sat_verbal_2007,subtest,MK,not_feasible,missing_outcome_column,,9261,0,,,,,,,data/processed/nlsy79_cfa_resid.csv
nlsy79,sat_verbal_2007,subtest,WK,not_feasible,missing_outcome_column,,9261,0,,,,,,,data/processed/nlsy79_cfa_resid.csv
nlsy79,sat_verbal_2007,subtest,PC,not_feasible,missing_outcome_column,,9261,0,,,,,,,data/processed/nlsy79_cfa_resid.csv
nlsy79,sat_verbal_2007,subtest,GS,not_feasible,missing_outcome_column,,9261,0,,,,,,,data/processed/nlsy79_cfa_resid.csv
nlsy79,sat_verbal_2007,subtest,AS,not_feasible,missing_outcome_column,,9261,0,,,,,,,data/processed/nlsy79_cfa_resid.csv
nlsy79,sat_verbal_2007,subtest,MC,not_feasible,missing_outcome_column,,9261,0,,,,,,,data/processed/nlsy79_cfa_resid.csv
nlsy79,sat_verbal_2007,subtest,EI,not_feasible,missing_outcome_column,,9261,0,,,,,,,data/processed/nlsy79_cfa_resid.csv
nlsy79,sat_verbal_2007,factor,speed,not_feasible,missing_outcome_column,,9261,0,,,,,,,data/processed/nlsy79_cfa_resid.csv
nlsy79,sat_verbal_2007,factor,math,not_feasible,missing_outcome_column,,9261,0,,,,,,,data/processed/nlsy79_cfa_resid.csv
nlsy79,sat_verbal_2007,factor,verbal,not_feasible,missing_outcome_column,,9261,0,,,,,,,data/processed/nlsy79_cfa_resid.csv
nlsy79,sat_verbal_2007,factor,technical,not_feasible,missing_outcome_column,,9261,0,,,,,,,data/processed/nlsy79_cfa_resid.csv
nlsy79,act_2007,subtest,NO,not_feasible,missing_outcome_column,,9261,0,,,,,,,data/processed/nlsy79_cfa_resid.csv
nlsy79,act_2007,subtest,CS,not_feasible,missing_outcome_column,,9261,0,,,,,,,data/processed/nlsy79_cfa_resid.csv
nlsy79,act_2007,subtest,AR,not_feasible,missing_outcome_column,,9261,0,,,,,,,data/processed/nlsy79_cfa_resid.csv
nlsy79,act_2007,subtest,MK,not_feasible,missing_outcome_column,,9261,0,,,,,,,data/processed/nlsy79_cfa_resid.csv
nlsy79,act_2007,subtest,WK,not_feasible,missing_outcome_column,,9261,0,,,,,,,data/processed/nlsy79_cfa_resid.csv
nlsy79,act_2007,subtest,PC,not_feasible,missing_outcome_column,,9261,0,,,,,,,data/processed/nlsy79_cfa_resid.csv
nlsy79,act_2007,subtest,GS,not_feasible,missing_outcome_column,,9261,0,,,,,,,data/processed/nlsy79_cfa_resid.csv
nlsy79,act_2007,subtest,AS,not_feasible,missing_outcome_column,,9261,0,,,,,,,data/processed/nlsy79_cfa_resid.csv
nlsy79,act_2007,subtest,MC,not_feasible,missing_outcome_column,,9261,0,,,,,,,data/processed/nlsy79_cfa_resid.csv
nlsy79,act_2007,subtest,EI,not_feasible,missing_outcome_column,,9261,0,,,,,,,data/processed/nlsy79_cfa_resid.csv
nlsy79,act_2007,factor,speed,not_feasible,missing_outcome_column,,9261,0,,,,,,,data/processed/nlsy79_cfa_resid.csv
nlsy79,act_2007,factor,math,not_feasible,missing_outcome_column,,9261,0,,,,,,,data/processed/nlsy79_cfa_resid.csv
nlsy79,act_2007,factor,verbal,not_feasible,missing_outcome_column,,9261,0,,,,,,,data/processed/nlsy79_cfa_resid.csv
nlsy79,act_2007,factor,technical,not_feasible,missing_outcome_column,,9261,0,,,,,,,data/processed/nlsy79_cfa_resid.csv
nlsy79,earnings,subtest,NO,computed,,annual_earnings,9261,7390,0.2940249078199073,0.29102870578442147,4349.595931925968,164.50055035044855,2.7715395379643725e-147,0.08645064641850497,data/processed/nlsy79_cfa_resid.csv
nlsy79,earnings,subtest,CS,computed,,annual_earnings,9261,7390,0.2323278534682335,0.22913873131924772,3443.954027799135,167.74270661590737,3.8256223290165003e-91,0.053976231497157134,data/processed/nlsy79_cfa_resid.csv
nlsy79,earnings,subtest,AR,computed,,annual_earnings,9261,7390,0.37204253854081903,0.3583210289898399,5562.340302894776,161.45459655711753,2.4365931972497126e-241,0.13841565048389715,data/processed/nlsy79_cfa_resid.csv
nlsy79,earnings,subtest,MK,computed,,annual_earnings,9261,7390,0.37556519180112263,0.36017167609038225,5569.597766073608,159.9039511754729,2.961095219841367e-246,0.14104921329261433,data/processed/nlsy79_cfa_resid.csv
nlsy79,earnings,subtest,WK,computed,,annual_earnings,9261,7390,0.3053647706337843,0.3112034630158599,4535.6060977972675,164.54977841203925,2.7893669060100753e-159,0.09324764314422374,data/processed/nlsy79_cfa_resid.csv
nlsy79,earnings,subtest,PC,computed,,annual_earnings,9261,7390,0.2769571892281833,0.28153713376918377,4098.392849403381,165.4274874571148,3.1031080266453814e-130,0.07670528466517557,data/processed/nlsy79_cfa_resid.csv
nlsy79,earnings,subtest,GS,computed,,annual_earnings,9261,7390,0.35410276094580995,0.34471261516330504,5268.454687371218,161.8817977193131,3.040357647889937e-217,0.12538876530944554,data/processed/nlsy79_cfa_resid.csv
nlsy79,earnings,subtest,AS,computed,,annual_earnings,9261,7390,0.34293873068430125,0.3526396554226477,5184.8355813712005,165.22891200015061,5.1013235002055887e-203,0.11760697300335976,data/processed/nlsy79_cfa_resid.csv
nlsy79,earnings,subtest,MC,computed,,annual_earnings,9261,7390,0.35506690167656185,0.3580428257810133,5336.411723666835,163.46071616697233,1.6868827982245684e-218,0.12607250466619335,data/processed/nlsy79_cfa_resid.csv
nlsy79,earnings,subtest,EI,computed,,annual_earnings,9261,7390,0.3615614865723986,0.3639429830710967,5412.700582073961,162.3852450048339,4.493608668343555e-227,0.13072670857244284,data/processed/nlsy79_cfa_resid.csv
nlsy79,earnings,factor,speed,computed,,annual_earnings,9261,7390,0.2830714613492628,0.27981990802111095,4508.200585446637,177.70803213462108,3.3233420087711153e-136,0.08012945223040724,data/processed/nlsy79_cfa_resid.csv
nlsy79,earnings,factor,math,computed,,annual_earnings,9261,7390,0.39081516986561016,0.37696657758750096,6083.9954107710255,166.71062165649244,2.990201301667082e-268,0.15273649699708625,data/processed/nlsy79_cfa_resid.csv
nlsy79,earnings,factor,verbal,computed,,annual_earnings,9261,7390,0.306721491487613,0.3118612940470051,4790.739616913537,172.9578595144768,9.411587578362477e-161,0.09407807334038587,data/processed/nlsy79_cfa_resid.csv
nlsy79,earnings,factor,technical,computed,,annual_earnings,9261,7390,0.3954859932761724,0.3970432916086623,6637.379536495664,179.33622621113517,3.17152027826757e-275,0.15640917087764072,data/processed/nlsy79_cfa_resid.csv
nlsy79,household_income,subtest,NO,computed,,household_income,9261,4736,0.3600561779168489,0.42815472387329573,19803.316045446034,745.7665051689927,5.944813362715366e-145,0.1296404512560897,data/processed/nlsy79_cfa_resid.csv
nlsy79,household_income,subtest,CS,computed,,household_income,9261,4736,0.3171745289809219,0.39483419902831124,17405.929707889045,756.4170567788183,3.7070372282238856e-111,0.1005996818342697,data/processed/nlsy79_cfa_resid.csv
nlsy79,household_income,subtest,AR,computed,,household_income,9261,4736,0.3897022366178735,0.4649118235314818,21193.574988596214,727.928901964425,1.4003817545136197e-171,0.15186783322497321,data/processed/nlsy79_cfa_resid.csv
nlsy79,household_income,subtest,MK,computed,,household_income,9261,4736,0.41221880913476106,0.4766748588058577,22326.434356935377,717.1933870620123,1.0006157394060975e-193,0.16992434660448064,data/processed/nlsy79_cfa_resid.csv
nlsy79,household_income,subtest,WK,computed,,household_income,9261,4736,0.3691167358079478,0.45691197547417794,20144.417903962236,737.1767035071002,8.520659295074787e-153,0.13624716465351439,data/processed/nlsy79_cfa_resid.csv
nlsy79,household_income,subtest,PC,computed,,household_income,9261,4736,0.3510165059893205,0.43539163542462894,19071.61559422012,739.4230283106027,2.2343353140959697e-137,0.12321258747695063,data/processed/nlsy79_cfa_resid.csv
nlsy79,household_income,subtest,GS,computed,,household_income,9261,4736,0.3554276638481722,0.43409234445895745,19165.008876076932,732.5169437144601,4.826741467147534e-141,0.1263288242285694,data/processed/nlsy79_cfa_resid.csv
nlsy79,household_income,subtest,AS,computed,,household_income,9261,4736,0.22751333037536473,0.31561406731696673,12559.184796947375,781.2662824551919,1.1713060780542045e-56,0.051762315498489864,data/processed/nlsy79_cfa_resid.csv
nlsy79,household_income,subtest,MC,computed,,household_income,9261,4736,0.29858818652149605,0.3881380740887002,16409.162671886173,762.2930047470843,3.921810063285203e-98,0.08915490513019586,data/processed/nlsy79_cfa_resid.csv
nlsy79,household_income,subtest,EI,computed,,household_income,9261,4736,0.3192055377554636,0.39227509337459715,17374.024714220675,749.6872608434613,1.224448554403303e-112,0.10189217533375472,data/processed/nlsy79_cfa_resid.csv
nlsy79,household_income,factor,speed,computed,,household_income,9261,4736,0.36584719275938615,0.4409558898558085,21717.333222967438,802.9539856778541,6.169125641083224e-150,0.13384416844992364,data/processed/nlsy79_cfa_resid.csv
nlsy79,household_income,factor,math,computed,,household_income,9261,4736,0.418841309085963,0.49217756242847965,23743.948828630397,748.1756904721086,1.4283274073631746e-200,0.17542804219684327,data/processed/nlsy79_cfa_resid.csv
nlsy79,household_income,factor,verbal,computed,,household_income,9261,4736,0.3794740634814361,0.4696113460468833,21778.601765704305,771.739106800262,4.459643541222476e-162,0.14400056485511303,data/processed/nlsy79_cfa_resid.csv
nlsy79,household_income,factor,technical,computed,,household_income,9261,4736,0.33604538484170715,0.4295910791285309,20521.852123244586,835.9576844851997,2.2781022721660927e-125,0.11292650067341115,data/processed/nlsy79_cfa_resid.csv
nlsy79,net_worth,subtest,NO,computed,,net_worth,9261,4849,0.28693296561353687,0.4348063508415749,91904.29727758624,4407.192337057379,1.4812199912652281e-92,0.08233052675577901,data/processed/nlsy79_cfa_resid.csv
nlsy79,net_worth,subtest,CS,computed,,net_worth,9261,4849,0.2548174263304651,0.40516209957520455,81928.17558257862,4465.697125398749,9.777850879143777e-73,0.06493192076168208,data/processed/nlsy79_cfa_resid.csv
nlsy79,net_worth,subtest,AR,computed,,net_worth,9261,4849,0.30666862639203535,0.4526055342407209,99758.1908317277,4447.294247651495,4.1572958599187754e-106,0.09404564641317781,data/processed/nlsy79_cfa_resid.csv
nlsy79,net_worth,subtest,MK,computed,,net_worth,9261,4849,0.31353378208073324,0.45220816043168527,101271.08252081898,4405.495981212135,4.47711625283126e-111,0.09830343250584872,data/processed/nlsy79_cfa_resid.csv
nlsy79,net_worth,subtest,WK,computed,,net_worth,9261,4849,0.2625102122977486,0.4401489014050571,84250.02047209331,4448.184140280343,3.078257958615508e-77,0.06891161156060921,data/processed/nlsy79_cfa_resid.csv
nlsy79,net_worth,subtest,PC,computed,,net_worth,9261,4849,0.26028725755449245,0.4263073437027272,83335.7726823926,4440.259699890756,6.380727676323232e-76,0.06774945644523866,data/processed/nlsy79_cfa_resid.csv
nlsy79,net_worth,subtest,GS,computed,,net_worth,9261,4849,0.27232486102329506,0.42053620521531093,87161.83043436448,4423.543648070812,3.325754739825273e-83,0.07416082993135709,data/processed/nlsy79_cfa_resid.csv
nlsy79,net_worth,subtest,AS,computed,,net_worth,9261,4849,0.17664362505229592,0.3448660235299129,57384.2417299864,4592.768635983264,2.7831267429240643e-35,0.031202970271616004,data/processed/nlsy79_cfa_resid.csv
nlsy79,net_worth,subtest,MC,computed,,net_worth,9261,4849,0.23176728240677744,0.40499787118407393,75251.73843529937,4536.685053543365,3.8069911367915765e-60,0.053716073194223,data/processed/nlsy79_cfa_resid.csv
nlsy79,net_worth,subtest,EI,computed,,net_worth,9261,4849,0.24621421724313317,0.39846280927887046,79315.20343958067,4484.635262258339,7.011169230040002e-68,0.06062144077264864,data/processed/nlsy79_cfa_resid.csv
nlsy79,net_worth,factor,speed,computed,,net_worth,9261,4849,0.291724984172166,0.449094399603571,100811.04719080136,4747.707800897919,9.511491974178975e-96,0.08510346639025046,data/processed/nlsy79_cfa_resid.csv
nlsy79,net_worth,factor,math,computed,,net_worth,9261,4849,0.32404733003225233,0.47278222411588944,109757.40821460378,4602.552856148159,6.068654051322348e-119,0.10500667210103143,data/processed/nlsy79_cfa_resid.csv
nlsy79,net_worth,factor,verbal,computed,,net_worth,9261,4849,0.2754816534183026,0.45598847299571676,93064.69825814829,4664.634118476376,3.5412576683403697e-85,0.07589014137008188,data/processed/nlsy79_cfa_resid.csv
nlsy79,net_worth,factor,technical,computed,,net_worth,9261,4849,0.25896899377448684,0.4399199772938002,93381.65037242923,5002.682872062017,3.7983864748371894e-75,0.06706493973657024,data/processed/nlsy79_cfa_resid.csv
nlsy79,education,subtest,NO,computed,,education_years,9261,9258,0.46641699103762213,0.4585367217854567,1.1795581554042405,0.023252146988557893,0.0,0.21754480952858946,data/processed/nlsy79_cfa_resid.csv
nlsy79,education,subtest,CS,computed,,education_years,9261,9258,0.4171963787166061,0.4087913351903912,1.0550370730882621,0.0238886526322182,0.0,0.17405281841425002,data/processed/nlsy79_cfa_resid.csv
nlsy79,education,subtest,AR,computed,,education_years,9261,9258,0.4923556735776689,0.48164179757992437,1.244955313982678,0.022875947037254103,0.0,0.24241410930411977,data/processed/nlsy79_cfa_resid.csv
nlsy79,education,subtest,MK,computed,,education_years,9261,9258,0.5769841411618691,0.5640839120124971,1.4588735721417636,0.021465158280701717,0.0,0.3329106991523,data/processed/nlsy79_cfa_resid.csv
nlsy79,education,subtest,WK,computed,,education_years,9261,9258,0.5130349588926157,0.504591508999736,1.2971982257998833,0.022559064559483664,0.0,0.26320486904594764,data/processed/nlsy79_cfa_resid.csv
nlsy79,education,subtest,PC,computed,,education_years,9261,9258,0.4895603412362309,0.4867389910250128,1.2377939288317232,0.022915624738464764,0.0,0.23966932771133487,data/processed/nlsy79_cfa_resid.csv
nlsy79,education,subtest,GS,computed,,education_years,9261,9258,0.4864808933577376,0.46476273013575004,1.2300042558947113,0.022960805645828964,0.0,0.23666365960214242,data/processed/nlsy79_cfa_resid.csv
nlsy79,education,subtest,AS,computed,,education_years,9261,9258,0.18283672581480426,0.16660861029980625,0.46242407825933984,0.025845334139182004,2.0729780148063977e-70,0.03342926830667792,data/processed/nlsy79_cfa_resid.csv
nlsy79,education,subtest,MC,computed,,education_years,9261,9258,0.32199664765666397,0.3072484438866432,0.8141382821673591,0.02488090945738197,2.5438969293870716e-222,0.10368184110212986,data/processed/nlsy79_cfa_resid.csv
nlsy79,education,subtest,EI,computed,,education_years,9261,9258,0.3452156586846917,0.3278323344689264,0.8727948078548212,0.02466352194561456,2.1484298241715735e-257,0.11917385100110534,data/processed/nlsy79_cfa_resid.csv
nlsy79,education,factor,speed,computed,,education_years,9261,9258,0.47630872820745607,0.46541489261754543,1.2986179017704946,0.024917670241732696,0.0,0.22687000456660456,data/processed/nlsy79_cfa_resid.csv
nlsy79,education,factor,math,computed,,education_years,9261,9258,0.5598206098358071,0.5468821022784388,1.4820931173607317,0.022801694039562843,0.0,0.31339911519693486,data/processed/nlsy79_cfa_resid.csv
nlsy79,education,factor,verbal,computed,,education_years,9261,9258,0.5294560435898468,0.5257497050052743,1.4138883181386046,0.02354735455763071,0.0,0.2803237020938141,data/processed/nlsy79_cfa_resid.csv
nlsy79,education,factor,technical,computed,,education_years,9261,9258,0.37416747506384784,0.3530837978686403,1.0594228117428404,0.027292323558616827,1.5891264782778301e-305,0.1400012993956553,data/processed/nlsy79_cfa_resid.csv
nlsy97,sat_math_2007,subtest,NO,computed,,sat_math_2007_bin,6992,2013,0.3486894692950363,0.34014968315536603,0.4410235069454025,0.0264342446350957,1.2491460385077295e-58,0.1215843459972541,data/processed/nlsy97_cfa_resid.csv
nlsy97,sat_math_2007,subtest,CS,computed,,sat_math_2007_bin,6992,2013,0.28786515130030554,0.286892988812579,0.35384039920501614,0.026249957432100644,1.034296226920467e-39,0.08286634533314796,data/processed/nlsy97_cfa_resid.csv
nlsy97,sat_math_2007,subtest,AR,computed,,sat_math_2007_bin,6992,2013,0.531594082523295,0.5614814983085719,0.70167585462799,0.024930637583106076,3.139206668128972e-147,0.2825922685737837,data/processed/nlsy97_cfa_resid.csv
nlsy97,sat_math_2007,subtest,MK,computed,,sat_math_2007_bin,6992,2013,0.5069899676142691,0.5222985550565501,0.6898339989122575,0.026153044528027365,6.323987416226824e-132,0.2570388272615176,data/processed/nlsy97_cfa_resid.csv
nlsy97,sat_math_2007,subtest,WK,computed,,sat_math_2007_bin,6992,2013,0.44017510195158693,0.44008013687021297,0.5637093148092577,0.025642328319212846,3.6202690476870547e-96,0.19375412037809014,data/processed/nlsy97_cfa_resid.csv
nlsy97,sat_math_2007,subtest,PC,computed,,sat_math_2007_bin,6992,2013,0.4133062251101214,0.43393062972767227,0.5440830754430138,0.026730747949622765,6.810543311260736e-84,0.1708220357147784,data/processed/nlsy97_cfa_resid.csv
nlsy97,sat_math_2007,subtest,GS,computed,,sat_math_2007_bin,6992,2013,0.44557453535712166,0.4452604897656029,0.5629056027583281,0.025220343789903,9.02425929851108e-99,0.19853666655871494,data/processed/nlsy97_cfa_resid.csv
nlsy97,sat_math_2007,subtest,AS,computed,,sat_math_2007_bin,6992,2013,0.3133821909585163,0.33821651080248394,0.41913137107189535,0.028321934470776182,4.0871214326104374e-47,0.09820839760996014,data/processed/nlsy97_cfa_resid.csv
nlsy97,sat_math_2007,subtest,MC,computed,,sat_math_2007_bin,6992,2013,0.41619121316823904,0.43642251765171686,0.5561940891711493,0.02709715454526551,3.698664281479869e-85,0.1732151259184509,data/processed/nlsy97_cfa_resid.csv
nlsy97,sat_math_2007,subtest,EI,computed,,sat_math_2007_bin,6992,2013,0.37938730557768896,0.39695051221007893,0.4857888141655706,0.02641874115612122,6.389852264249622e-70,0.1439347276334988,data/processed/nlsy97_cfa_resid.csv
nlsy97,sat_math_2007,factor,speed,computed,,sat_math_2007_bin,6992,2013,0.3654057594091761,0.3595026531336353,0.5237384201238402,0.029751710438743285,1.2633990523671738e-64,0.13352136900939682,data/processed/nlsy97_cfa_resid.csv
nlsy97,sat_math_2007,factor,math,computed,,sat_math_2007_bin,6992,2013,0.548279580789632,0.5720163870935561,0.775420105366758,0.026374759268821695,2.375424751218625e-158,0.30061049871085466,data/processed/nlsy97_cfa_resid.csv
nlsy97,sat_math_2007,factor,verbal,computed,,sat_math_2007_bin,6992,2013,0.45652453543247246,0.4676435183821261,0.6337912895196174,0.0275438713557019,3.3836479802455675e-104,0.2084146514518349,data/processed/nlsy97_cfa_resid.csv
nlsy97,sat_math_2007,factor,technical,computed,,sat_math_2007_bin,6992,2013,0.4478175559360628,0.4659218467536874,0.671414997223869,0.029893867391525632,7.24497042786466e-100,0.20054056340454884,data/processed/nlsy97_cfa_resid.csv
nlsy97,sat_verbal_2007,subtest,NO,computed,,sat_verbal_2007_bin,6992,1979,0.2594033092925798,0.24511585566775507,0.30881725759994316,0.025858064458701098,8.539399134341646e-32,0.067290076871942,data/processed/nlsy97_cfa_resid.csv
nlsy97,sat_verbal_2007,subtest,CS,computed,,sat_verbal_2007_bin,6992,1979,0.261336705400181,0.2614278258100661,0.30027848902080684,0.024943606798102595,2.9147308518089094e-32,0.06829687358942116,data/processed/nlsy97_cfa_resid.csv
nlsy97,sat_verbal_2007,subtest,AR,computed,,sat_verbal_2007_bin,6992,1979,0.4315271543187461,0.45126196802726093,0.5352524447165594,0.025165284990771242,1.4334341493352991e-90,0.18621568491443508,data/processed/nlsy97_cfa_resid.csv
nlsy97,sat_verbal_2007,subtest,MK,computed,,sat_verbal_2007_bin,6992,1979,0.398751561851864,0.40560510773311237,0.5133218610232455,0.026551025582209797,2.0484942827661403e-76,0.15900280807930112,data/processed/nlsy97_cfa_resid.csv
nlsy97,sat_verbal_2007,subtest,WK,computed,,sat_verbal_2007_bin,6992,1979,0.5943064809544881,0.6054785657302455,0.7210803514922468,0.021945971027790213,2.6637790443955422e-189,0.35320019330450747,data/processed/nlsy97_cfa_resid.csv
nlsy97,sat_verbal_2007,subtest,PC,computed,,sat_verbal_2007_bin,6992,1979,0.4995136609732807,0.5257090374965383,0.6267593011982471,0.02444676569632834,2.1423514849474758e-125,0.24951389749892983,data/processed/nlsy97_cfa_resid.csv
nlsy97,sat_verbal_2007,subtest,GS,computed,,sat_verbal_2007_bin,6992,1979,0.5128729975332711,0.520328377418688,0.6135326393437606,0.023096535515459458,3.2532771818581308e-133,0.2630387115987629,data/processed/nlsy97_cfa_resid.csv
nlsy97,sat_verbal_2007,subtest,AS,computed,,sat_verbal_2007_bin,6992,1979,0.3428488183797258,0.3605570596962853,0.43098638004676804,0.02655851336939955,1.0816797378642135e-55,0.11754531226437448,data/processed/nlsy97_cfa_resid.csv
nlsy97,sat_verbal_2007,subtest,MC,computed,,sat_verbal_2007_bin,6992,1979,0.39285527843904994,0.4190348581340541,0.4937382557812683,0.02599321267049904,4.941894530123169e-74,0.15433526979742362,data/processed/nlsy97_cfa_resid.csv
nlsy97,sat_verbal_2007,subtest,EI,computed,,sat_verbal_2007_bin,6992,1979,0.4283747705431084,0.44893623429881857,0.5179117877386884,0.024570011283929695,3.865274292926286e-89,0.18350494403786088,data/processed/nlsy97_cfa_resid.csv
nlsy97,sat_verbal_2007,factor,speed,computed,,sat_verbal_2007_bin,6992,1979,0.29920025988916493,0.28956235470119934,0.4020323887417129,0.02883571713903166,3.266941475521861e-42,0.08952079551774417,data/processed/nlsy97_cfa_resid.csv
nlsy97,sat_verbal_2007,factor,math,computed,,sat_verbal_2007_bin,6992,1979,0.4384668884092935,0.45384248201245286,0.5846626453462628,0.02695273429339417,8.966070883023484e-94,0.19225321223132807,data/processed/nlsy97_cfa_resid.csv
nlsy97,sat_verbal_2007,factor,verbal,computed,,sat_verbal_2007_bin,6992,1979,0.5861306760252512,0.6103949092768052,0.7738269430045986,0.024057315393148142,6.163762526412484e-183,0.3435491693778181,data/processed/nlsy97_cfa_resid.csv
nlsy97,sat_verbal_2007,factor,technical,computed,,sat_verbal_2007_bin,6992,1979,0.48359446489888513,0.5080240776087857,0.6836288682511356,0.027828435053440546,1.604195957015157e-116,0.23386360648083904,data/processed/nlsy97_cfa_resid.csv
nlsy97,act_2007,subtest,NO,computed,,act_2007_bin,6992,1701,0.3467570898052416,0.3389312900665081,0.32676580228735375,0.021443543240901503,3.0346095374442414e-49,0.12024047933020032,data/processed/nlsy97_cfa_resid.csv
nlsy97,act_2007,subtest,CS,computed,,act_2007_bin,6992,1701,0.33735510076931174,0.3297854885065427,0.3000277304344268,0.02031146389731533,1.5185204305729917e-46,0.1138084640150725,data/processed/nlsy97_cfa_resid.csv
nlsy97,act_2007,subtest,AR,computed,,act_2007_bin,6992,1701,0.5589586091412827,0.5861723169712993,0.5469440411834349,0.019684460799375126,2.1728335708778508e-140,0.312434726733157,data/processed/nlsy97_cfa_resid.csv
nlsy97,act_2007,subtest,MK,computed,,act_2007_bin,6992,1701,0.5418766984126678,0.5637699031600406,0.54377841520046,0.020461657587531674,2.0182455127805465e-130,0.29363035628261314,data/processed/nlsy97_cfa_resid.csv
nlsy97,act_2007,subtest,WK,computed,,act_2007_bin,6992,1701,0.6026321200843252,0.6182437909893927,0.5910523686405975,0.018988484216404148,1.0638464440046646e-168,0.3631654721573282,data/processed/nlsy97_cfa_resid.csv
nlsy97,act_2007,subtest,PC,computed,,act_2007_bin,6992,1701,0.5589584960697527,0.5899996818924718,0.5466149169950346,0.01967262144098829,2.173173378227824e-140,0.3124346003285595,data/processed/nlsy97_cfa_resid.csv
nlsy97,act_2007,subtest,GS,computed,,act_2007_bin,6992,1701,0.5867556450159155,0.5997830069974324,0.5461311043674795,0.018285272504034132,6.590422551064707e-158,0.3442821869580426,data/processed/nlsy97_cfa_resid.csv
nlsy97,act_2007,subtest,AS,computed,,act_2007_bin,6992,1701,0.37873415551132195,0.3940121740492454,0.3527813733849825,0.02091478913815805,3.844723260093756e-59,0.14343956055087426,data/processed/nlsy97_cfa_resid.csv
nlsy97,act_2007,subtest,MC,computed,,act_2007_bin,6992,1701,0.47874051575182175,0.5056771713291064,0.450719247417259,0.020053131549440297,3.6847047642938417e-98,0.2291924814223203,data/processed/nlsy97_cfa_resid.csv
nlsy97,act_2007,subtest,EI,computed,,act_2007_bin,6992,1701,0.4439936617834462,0.4484525166254694,0.4130283347305616,0.020222223274489203,4.3084534312513616e-83,0.19713037170387326,data/processed/nlsy97_cfa_resid.csv
nlsy97,act_2007,factor,speed,computed,,act_2007_bin,6992,1701,0.39356890668684164,0.38572838168038903,0.4145508279741592,0.023491744639462,3.984225106331525e-64,0.15489648431067593,data/processed/nlsy97_cfa_resid.csv
nlsy97,act_2007,factor,math,computed,,act_2007_bin,6992,1701,0.5854402696661665,0.6100861732203422,0.6168728082969039,0.020724537358542766,4.857228092794519e-157,0.34274030934679356,data/processed/nlsy97_cfa_resid.csv
nlsy97,act_2007,factor,verbal,computed,,act_2007_bin,6992,1701,0.6289223639900542,0.653443100846592,0.6670098114134881,0.02000419494517278,5.721403849501117e-188,0.395543339926838,data/processed/nlsy97_cfa_resid.csv
nlsy97,act_2007,factor,technical,computed,,act_2007_bin,6992,1701,0.553169459328606,0.5696351024195864,0.6051000125055158,0.022108186710696892,6.02699840160189e-137,0.30599645073390225,data/processed/nlsy97_cfa_resid.csv
nlsy97,earnings,subtest,NO,not_feasible,missing_outcome_column,,6992,0,,,,,,,data/processed/nlsy97_cfa_resid.csv
nlsy97,earnings,subtest,CS,not_feasible,missing_outcome_column,,6992,0,,,,,,,data/processed/nlsy97_cfa_resid.csv
nlsy97,earnings,subtest,AR,not_feasible,missing_outcome_column,,6992,0,,,,,,,data/processed/nlsy97_cfa_resid.csv
nlsy97,earnings,subtest,MK,not_feasible,missing_outcome_column,,6992,0,,,,,,,data/processed/nlsy97_cfa_resid.csv
nlsy97,earnings,subtest,WK,not_feasible,missing_outcome_column,,6992,0,,,,,,,data/processed/nlsy97_cfa_resid.csv
nlsy97,earnings,subtest,PC,not_feasible,missing_outcome_column,,6992,0,,,,,,,data/processed/nlsy97_cfa_resid.csv
nlsy97,earnings,subtest,GS,not_feasible,missing_outcome_column,,6992,0,,,,,,,data/processed/nlsy97_cfa_resid.csv
nlsy97,earnings,subtest,AS,not_feasible,missing_outcome_column,,6992,0,,,,,,,data/processed/nlsy97_cfa_resid.csv
nlsy97,earnings,subtest,MC,not_feasible,missing_outcome_column,,6992,0,,,,,,,data/processed/nlsy97_cfa_resid.csv
nlsy97,earnings,subtest,EI,not_feasible,missing_outcome_column,,6992,0,,,,,,,data/processed/nlsy97_cfa_resid.csv
nlsy97,earnings,factor,speed,not_feasible,missing_outcome_column,,6992,0,,,,,,,data/processed/nlsy97_cfa_resid.csv
nlsy97,earnings,factor,math,not_feasible,missing_outcome_column,,6992,0,,,,,,,data/processed/nlsy97_cfa_resid.csv
nlsy97,earnings,factor,verbal,not_feasible,missing_outcome_column,,6992,0,,,,,,,data/processed/nlsy97_cfa_resid.csv
nlsy97,earnings,factor,technical,not_feasible,missing_outcome_column,,6992,0,,,,,,,data/processed/nlsy97_cfa_resid.csv
nlsy97,household_income,subtest,NO,computed,,household_income,6992,5213,0.19616299041322713,0.24013218845536924,10908.52833395461,755.3839159318444,2.2222259984296788e-46,0.03847991880786006,data/processed/nlsy97_cfa_resid.csv
nlsy97,household_income,subtest,CS,computed,,household_income,6992,5213,0.17172262026199675,0.21730094215277407,9588.300210524994,761.9980986687865,8.630457637036615e-36,0.0294886583096462,data/processed/nlsy97_cfa_resid.csv
nlsy97,household_income,subtest,AR,computed,,household_income,6992,5213,0.25570709207527026,0.31869444498487187,14114.590604872023,739.232564129001,1.3085879619145785e-78,0.06538611693759078,data/processed/nlsy97_cfa_resid.csv
nlsy97,household_income,subtest,MK,computed,,household_income,6992,5213,0.27060503913431305,0.3322853647738013,14973.02674643655,737.9039754823373,3.623191058514026e-88,0.07322708720488336,data/processed/nlsy97_cfa_resid.csv
nlsy97,household_income,subtest,WK,computed,,household_income,6992,5213,0.22599134020961162,0.2805108121794144,12517.961419282821,747.4770889628513,2.338800128459257e-61,0.05107208584973677,data/processed/nlsy97_cfa_resid.csv
nlsy97,household_income,subtest,PC,computed,,household_income,6992,5213,0.23276214787413235,0.29551718352794487,12951.991361760845,749.6668540310363,4.428590971135194e-65,0.054178217482979574,data/processed/nlsy97_cfa_resid.csv
nlsy97,household_income,subtest,GS,computed,,household_income,6992,5213,0.2383989377833659,0.2997672068171689,13165.448677281505,742.9590338331934,2.845170423844934e-68,0.05683405353623738,data/processed/nlsy97_cfa_resid.csv
nlsy97,household_income,subtest,AS,computed,,household_income,6992,5213,0.1554841093923042,0.22768686980603414,8653.816714059985,761.6352700305009,1.434516351879546e-29,0.024175308273518215,data/processed/nlsy97_cfa_resid.csv
nlsy97,household_income,subtest,MC,computed,,household_income,6992,5213,0.23053048259451994,0.2886617146506813,12694.438168612302,742.277825426689,7.703533034809072e-64,0.05314430340526233,data/processed/nlsy97_cfa_resid.csv
nlsy97,household_income,subtest,EI,computed,,household_income,6992,5213,0.19165373973709088,0.25607594125014344,10611.606849277126,752.7956027059644,2.5877978632044843e-44,0.03673115595521281,data/processed/nlsy97_cfa_resid.csv
nlsy97,household_income,factor,speed,computed,,household_income,6992,5213,0.2076085534611395,0.25895832031202437,13055.086711345068,852.1321702385547,7.424039524669201e-52,0.04310131147022722,data/processed/nlsy97_cfa_resid.csv
nlsy97,household_income,factor,math,computed,,household_income,6992,5213,0.2769360549557949,0.3423279146289089,16106.81809095604,774.1812413300914,2.035681510637259e-92,0.07669357853447933,data/processed/nlsy97_cfa_resid.csv
nlsy97,household_income,factor,verbal,computed,,household_income,6992,5213,0.24388194622545248,0.3047366921566911,14396.483348497752,793.05008626663,1.850579392018309e-71,0.05947840369471491,data/processed/nlsy97_cfa_resid.csv
nlsy97,household_income,factor,technical,computed,,household_income,6992,5213,0.23374336192779305,0.3064600866500411,14808.150581592608,853.2976285521921,1.2493655684159694e-65,0.05463595924530751,data/processed/nlsy97_cfa_resid.csv
nlsy97,net_worth,subtest,NO,computed,,net_worth,6992,5297,0.09730724989305758,0.1015647624621743,13132.422960739961,1845.8686013295137,1.2726795541166666e-12,0.00946870088174978,data/processed/nlsy97_cfa_resid.csv
nlsy97,net_worth,subtest,CS,computed,,net_worth,6992,5297,0.09674532155508633,0.10232562342637798,13118.562190874562,1854.7325292954392,1.712819205455698e-12,0.00935965724279686,data/processed/nlsy97_cfa_resid.csv
nlsy97,net_worth,subtest,AR,computed,,net_worth,6992,5297,0.16625982985797197,0.1836065689164187,22134.21627797075,1804.0844249566,3.853120267138149e-34,0.027642331024401612,data/processed/nlsy97_cfa_resid.csv
nlsy97,net_worth,subtest,MK,computed,,net_worth,6992,5297,0.15191557946058806,0.15753926334490068,20322.595898294254,1817.0787665776563,1.0200813835819008e-28,0.02307834328284608,data/processed/nlsy97_cfa_resid.csv
nlsy97,net_worth,subtest,WK,computed,,net_worth,6992,5297,0.11370320733947345,0.1284029624647516,15266.029469010175,1833.1361535776423,1.0380320029027843e-16,0.012928419359283239,data/processed/nlsy97_cfa_resid.csv
nlsy97,net_worth,subtest,PC,computed,,net_worth,6992,5297,0.13511138728364505,0.13745486305197868,18079.869368300504,1822.089404262315,5.265544897037586e-23,0.018255086973711032,data/processed/nlsy97_cfa_resid.csv
nlsy97,net_worth,subtest,GS,computed,,net_worth,6992,5297,0.1457393378987678,0.16313051280039464,19409.53102043365,1810.6870009164452,1.5418275251917606e-26,0.021239954611170897,data/processed/nlsy97_cfa_resid.csv
nlsy97,net_worth,subtest,AS,computed,,net_worth,6992,5297,0.11762372652027495,0.15069665931254353,15858.238915556552,1839.9319342687893,8.809689862820405e-18,0.013835341040516203,data/processed/nlsy97_cfa_resid.csv
nlsy97,net_worth,subtest,MC,computed,,net_worth,6992,5297,0.15979808608804516,0.19595865848585434,21353.942179650367,1812.827722170189,1.234437740409285e-31,0.025535428317402298,data/processed/nlsy97_cfa_resid.csv
nlsy97,net_worth,subtest,EI,computed,,net_worth,6992,5297,0.11885321351077105,0.13863152917767424,15935.461147446722,1829.4957826572972,3.995046059445084e-18,0.014126086361836765,data/processed/nlsy97_cfa_resid.csv
nlsy97,net_worth,factor,speed,computed,,net_worth,6992,5297,0.10912047012782077,0.11305041941819366,16601.480510562335,2078.291491922896,1.6689278164006155e-15,0.011907277000916316,data/processed/nlsy97_cfa_resid.csv
nlsy97,net_worth,factor,math,computed,,net_worth,6992,5297,0.16740401510628294,0.17907915517039003,23505.70935874353,1902.4018386415087,1.3531465502250164e-34,0.028024104273704276,data/processed/nlsy97_cfa_resid.csv
nlsy97,net_worth,factor,verbal,computed,,net_worth,6992,5297,0.13216763006394638,0.14098117770584742,18817.838013449462,1939.4783248174833,4.486772183459788e-22,0.01746828243671983,data/processed/nlsy97_cfa_resid.csv
nlsy97,net_worth,factor,technical,computed,,net_worth,6992,5297,0.15507930852592733,0.18816303076662672,23758.44318753799,2079.9122665861228,7.180175697431494e-30,0.024049591932879588,data/processed/nlsy97_cfa_resid.csv
nlsy97,education,subtest,NO,computed,,education_years,6992,6921,0.26444985686092815,0.41629145362032005,1.265999467446512,0.055504151685930606,4.290933519034425e-111,0.06993372679376542,data/processed/nlsy97_cfa_resid.csv
nlsy97,education,subtest,CS,computed,,education_years,6992,6921,0.23170841829184927,0.3752245036104846,1.108503326804561,0.05594876636741695,5.0749337879523906e-85,0.05368879110731073,data/processed/nlsy97_cfa_resid.csv
nlsy97,education,subtest,AR,computed,,education_years,6992,6921,0.3021739939321501,0.4723805029399239,1.446188795384299,0.05484718294997749,4.382851921265533e-146,0.09130912260890722,data/processed/nlsy97_cfa_resid.csv
nlsy97,education,subtest,MK,computed,,education_years,6992,6921,0.3431375370444138,0.5464300423636885,1.6429526775495544,0.054067043866097036,1.7046271903032919e-190,0.11774336932890661,data/processed/nlsy97_cfa_resid.csv
nlsy97,education,subtest,WK,computed,,education_years,6992,6921,0.29950662765831826,0.4617986720157061,1.43232215057283,0.054853440254025984,1.9807163320839116e-143,0.08970422001125855,data/processed/nlsy97_cfa_resid.csv
nlsy97,education,subtest,PC,computed,,education_years,6992,6921,0.3238208721984647,0.5050192099832551,1.5491524113197215,0.05441431124050925,1.0912560743018105e-168,0.10485995727137454,data/processed/nlsy97_cfa_resid.csv
nlsy97,education,subtest,GS,computed,,education_years,6992,6921,0.28681821981077243,0.4431904647254824,1.3725039463614517,0.05511171439345674,3.504175516850916e-131,0.0822646912154209,data/processed/nlsy97_cfa_resid.csv
nlsy97,education,subtest,AS,computed,,education_years,6992,6921,0.11933351028894952,0.20516788435666805,0.5706747503910207,0.05708080178842713,2.2469592322037402e-23,0.014240486677883024,data/processed/nlsy97_cfa_resid.csv
nlsy97,education,subtest,MC,computed,,education_years,6992,6921,0.2333774324033677,0.3646668427382412,1.1181389497135505,0.05600851423501397,2.9471996384243234e-86,0.05446502595518865,data/processed/nlsy97_cfa_resid.csv
nlsy97,education,subtest,EI,computed,,education_years,6992,6921,0.21869147461880406,0.34232357213152753,1.0463455824162282,0.05612802940947623,1.0232826860817742e-75,0.047825961070947165,data/processed/nlsy97_cfa_resid.csv
nlsy97,education,factor,speed,computed,,education_years,6992,6921,0.27979510637059,0.44595663976943695,1.5102275249710815,0.06229868192339606,1.1375335916612634e-124,0.07828530154892999,data/processed/nlsy97_cfa_resid.csv
nlsy97,education,factor,math,computed,,education_years,6992,6921,0.3400237484102036,0.5376555628561944,1.7153289747596467,0.05703440423056307,7.14125125194731e-187,0.11561614948292542,data/processed/nlsy97_cfa_resid.csv
nlsy97,education,factor,verbal,computed,,education_years,6992,6921,0.33177991618633107,0.514456424094527,1.6893852631813562,0.057747466543493664,1.7528371601426985e-177,0.1100779127846091,data/processed/nlsy97_cfa_resid.csv
nlsy97,education,factor,technical,computed,,education_years,6992,6921,0.24662426360603223,0.38705912112466784,1.3568390440656426,0.06409799836217202,2.0316890673875927e-96,0.060823527399217814,data/processed/nlsy97_cfa_resid.csv
cnlsy,sat_math_2007,subtest,PPVT,not_feasible,missing_outcome_column,,545,0,,,,,,,data/processed/cnlsy_cfa_resid.csv
cnlsy,sat_math_2007,subtest,PIAT_RR,not_feasible,missing_outcome_column,,545,0,,,,,,,data/processed/cnlsy_cfa_resid.csv
cnlsy,sat_math_2007,subtest,PIAT_RC,not_feasible,missing_outcome_column,,545,0,,,,,,,data/processed/cnlsy_cfa_resid.csv
cnlsy,sat_math_2007,subtest,PIAT_MATH,not_feasible,missing_outcome_column,,545,0,,,,,,,data/processed/cnlsy_cfa_resid.csv
cnlsy,sat_math_2007,subtest,DIGITSPAN,not_feasible,missing_outcome_column,,545,0,,,,,,,data/processed/cnlsy_cfa_resid.csv
cnlsy,sat_verbal_2007,subtest,PPVT,not_feasible,missing_outcome_column,,545,0,,,,,,,data/processed/cnlsy_cfa_resid.csv
cnlsy,sat_verbal_2007,subtest,PIAT_RR,not_feasible,missing_outcome_column,,545,0,,,,,,,data/processed/cnlsy_cfa_resid.csv
cnlsy,sat_verbal_2007,subtest,PIAT_RC,not_feasible,missing_outcome_column,,545,0,,,,,,,data/processed/cnlsy_cfa_resid.csv
cnlsy,sat_verbal_2007,subtest,PIAT_MATH,not_feasible,missing_outcome_column,,545,0,,,,,,,data/processed/cnlsy_cfa_resid.csv
cnlsy,sat_verbal_2007,subtest,DIGITSPAN,not_feasible,missing_outcome_column,,545,0,,,,,,,data/processed/cnlsy_cfa_resid.csv
cnlsy,act_2007,subtest,PPVT,not_feasible,missing_outcome_column,,545,0,,,,,,,data/processed/cnlsy_cfa_resid.csv
cnlsy,act_2007,subtest,PIAT_RR,not_feasible,missing_outcome_column,,545,0,,,,,,,data/processed/cnlsy_cfa_resid.csv
cnlsy,act_2007,subtest,PIAT_RC,not_feasible,missing_outcome_column,,545,0,,,,,,,data/processed/cnlsy_cfa_resid.csv
cnlsy,act_2007,subtest,PIAT_MATH,not_feasible,missing_outcome_column,,545,0,,,,,,,data/processed/cnlsy_cfa_resid.csv
cnlsy,act_2007,subtest,DIGITSPAN,not_feasible,missing_outcome_column,,545,0,,,,,,,data/processed/cnlsy_cfa_resid.csv
cnlsy,earnings,subtest,PPVT,not_feasible,missing_outcome_column,,545,0,,,,,,,data/processed/cnlsy_cfa_resid.csv
cnlsy,earnings,subtest,PIAT_RR,not_feasible,missing_outcome_column,,545,0,,,,,,,data/processed/cnlsy_cfa_resid.csv
cnlsy,earnings,subtest,PIAT_RC,not_feasible,missing_outcome_column,,545,0,,,,,,,data/processed/cnlsy_cfa_resid.csv
cnlsy,earnings,subtest,PIAT_MATH,not_feasible,missing_outcome_column,,545,0,,,,,,,data/processed/cnlsy_cfa_resid.csv
cnlsy,earnings,subtest,DIGITSPAN,not_feasible,missing_outcome_column,,545,0,,,,,,,data/processed/cnlsy_cfa_resid.csv
cnlsy,household_income,subtest,PPVT,not_feasible,missing_outcome_column,,545,0,,,,,,,data/processed/cnlsy_cfa_resid.csv
cnlsy,household_income,subtest,PIAT_RR,not_feasible,missing_outcome_column,,545,0,,,,,,,data/processed/cnlsy_cfa_resid.csv
cnlsy,household_income,subtest,PIAT_RC,not_feasible,missing_outcome_column,,545,0,,,,,,,data/processed/cnlsy_cfa_resid.csv
cnlsy,household_income,subtest,PIAT_MATH,not_feasible,missing_outcome_column,,545,0,,,,,,,data/processed/cnlsy_cfa_resid.csv
cnlsy,household_income,subtest,DIGITSPAN,not_feasible,missing_outcome_column,,545,0,,,,,,,data/processed/cnlsy_cfa_resid.csv
cnlsy,net_worth,subtest,PPVT,not_feasible,missing_outcome_column,,545,0,,,,,,,data/processed/cnlsy_cfa_resid.csv
cnlsy,net_worth,subtest,PIAT_RR,not_feasible,missing_outcome_column,,545,0,,,,,,,data/processed/cnlsy_cfa_resid.csv
cnlsy,net_worth,subtest,PIAT_RC,not_feasible,missing_outcome_column,,545,0,,,,,,,data/processed/cnlsy_cfa_resid.csv
cnlsy,net_worth,subtest,PIAT_MATH,not_feasible,missing_outcome_column,,545,0,,,,,,,data/processed/cnlsy_cfa_resid.csv
cnlsy,net_worth,subtest,DIGITSPAN,not_feasible,missing_outcome_column,,545,0,,,,,,,data/processed/cnlsy_cfa_resid.csv
cnlsy,education,subtest,PPVT,computed,,education_years,545,236,0.30212576526982354,0.3057613997991646,0.7476862502630541,0.15421930816045598,2.271371399886048e-06,0.09127997803987631,data/processed/cnlsy_cfa_resid.csv
cnlsy,education,subtest,PIAT_RR,computed,,education_years,545,536,0.3646611752450298,0.3737862141702058,0.8079213855566185,0.08927380876499053,2.66082694756943e-18,0.13297777273108635,data/processed/cnlsy_cfa_resid.csv
cnlsy,education,subtest,PIAT_RC,computed,,education_years,545,527,0.3233120365580215,0.3118581068209777,0.7122198393629696,0.09097831714880104,2.7450470272949805e-14,0.10453067298329521,data/processed/cnlsy_cfa_resid.csv
cnlsy,education,subtest,PIAT_MATH,computed,,education_years,545,533,0.3192890174801416,0.308172502308048,0.7045338732118944,0.09074485053976808,4.265485162928041e-14,0.10194547668343434,data/processed/cnlsy_cfa_resid.csv
cnlsy,education,subtest,DIGITSPAN,computed,,education_years,545,417,0.22408028610424027,0.23611125460750257,0.4716254156023671,0.10068918999838147,3.818840524779962e-06,0.05021197462055815,data/processed/cnlsy_cfa_resid.csv
